Headcount;Poverty.Line.Month;Mean;Median;Gini;Population.Density;Consumption;Arab.Region;East.Asia.and.the.Pacific;Europe.and.Central.Asia;Latin.America.and.the.Caribbean;South.Asia;Sub.Saharan.Africa;Urban.Pop;Age.Dependency;Mean_Class.A;Mean_Class.B;Mean_Class.C
36.6;61.095436;110.17310333252;79.3983001708984;42.715510725975;17.40244967;1;0;0;0;0;0;1;58.282;97.8407852704613;1;0;0
32.300001;38.171623;92.6864700317383;57.8310890197754;51.2721121311188;24.7130520574316;1;0;0;0;0;0;1;65.514;96.1757404434103;1;0;0
14.300001;119.45534;239.770492553711;207.602493286133;28.9604812860489;105.854051094891;1;0;0;1;0;0;0;54.33;47.033079896868;1;0;0
23.4;137.43557;261.816986083984;214.909698486328;33.1710904836655;104.870693430657;1;0;0;1;0;0;0;59.383;45.6820974885622;1;0;0
30.3;298.73333;604.838012695312;456.542694091797;42.0325309038162;15.9281350828921;0;0;0;0;1;0;0;91.627;56.1022705830781;1;0;0
35.499999;306.94617;560.04248046875;419.174194335938;42.901200056076;16.4208266190179;0;0;0;0;1;0;0;91.991;55.85703345;1;0;0
53.500003;136.36253;172.518798828125;128.622604370117;37.505629658699;105.399367755532;1;0;0;1;0;0;0;64.038;51.4125673561181;1;0;0
26.4;121.60408;204.387298583984;170.363800048828;31.226059794426;103.007305936073;1;0;0;1;0;0;0;63.739;47.3623329395454;1;0;0
35.800001;132.84008;189.561904907227;157.693206787109;29.9925804138184;101.064945556726;1;0;0;1;0;0;0;63.44;43.7908192969174;1;0;0
29.4;147.88133;240.764999389648;205.354598999023;32.5479507446289;103.131225851774;1;0;0;1;0;0;0;63.082;45.4311576705425;1;0;0
26.4;132.49214;209.787994384766;178.567092895508;29.8782110214233;16.4208266190179;1;0;0;1;0;0;0;63.219;47.60064755;1;0;0
13.02;483.0032;1175.81896972656;954.341796875;33.4641695022583;2.52697759785481;0;0;1;0;0;0;0;84.1;49.41451031709;0;1;0
15.31;717.93151;1668.68298339844;1313.5;35.4285091161728;2.76599455892116;0;0;1;0;0;0;0;84.943;47.7459755436092;0;1;0
13.079999;676.26918;1662.67700195312;1333.97595214844;34.6567302942276;2.86785858401781;0;0;1;0;0;0;0;85.182;47.9484543670001;0;1;0
13.27;762.92424;1777.44494628906;1423.07800292969;34.3994289636612;3.05581479504836;0;0;1;0;0;0;0;85.602;50.2597000603197;0;1;0
14.5;824.26624;1696.86401367188;1478.28601074219;30.2522599697113;101.28742536726;0;0;0;1;0;0;0;57.399;48.1811872667783;0;1;0
13.3;812.45348;1744.59704589844;1517.15905761719;30.8487892150879;107.131858943286;0;0;0;1;0;0;0;58.297;49.9239401221367;0;1;0
49.599999;163.62985;213.399795532227;162.002395629883;36.4549398422241;98.1937920681807;1;0;0;1;0;0;0;51.587;56.834739223027;1;0;0
29.300001;219.24697;321.082092285156;266.2587890625;26.5549093484879;101.522501814662;1;0;0;1;0;0;0;52.389;48.8435771837448;1;0;0
81;51.661867;38.5460395812988;29.2226009368896;42.3165291547775;240.8707944;1;0;0;0;0;0;1;7.83;112.507498067508;1;0;0
67.1;46.183038;46.8345985412598;35.7192993164062;33.3598613739014;296.255802180685;1;0;0;0;0;0;1;9.617;95.2276315195211;1;0;0
64.899999;50.773601;53.3729209899902;39.6346817016602;38.6248201131821;371.506581;1;0;0;0;0;0;1;11.482;90.2347333773479;1;0;0
15.3;779.14274;1456.26403808594;1292.32604980469;28.3751904964447;359.827807133421;0;0;0;1;0;0;0;97.651;52.0144279661342;0;1;0
14.8;821.93524;1528.27294921875;1373.82397460938;27.2144109010696;377.379590488771;0;0;0;1;0;0;0;98.001;55.8704656667833;0;1;0
38.999999;47.717193;75.7237930297852;56.6267395019531;38.578200340271;66.6952376729337;1;0;0;0;0;0;1;39.536;92.2787621536393;1;0;0
36.199999;43.111119;82.2449722290039;54.6307106018066;43.4397101402283;83.9023589925505;1;0;0;0;0;0;1;43.608;88.6136399159168;1;0;0
40.099999;48.312733;82.466911315918;58.3089485168457;47.7559089660645;93.7916991841078;1;0;0;0;0;0;1;45.695;86.0977848350733;1;0;0
44.499999;39.047703;40.6581001281738;24.388240814209;48.0724900960922;35.8793421052632;1;0;0;0;0;0;1;14.86;101.430200080272;1;0;0
46.7;50.52;72.3020401000977;52.3197402954102;39.7622406482697;55.3402704678363;1;0;0;0;0;0;1;24.079;95.4575550291235;1;0;0
40.099999;55.241353;83.5289688110352;62.3884010314941;35.3012293577194;64.2763779239766;1;0;0;0;0;0;1;26.934;93.0148682548031;1;0;0
48.899999;69.698287;90.3142929077148;70.3339462280273;33.4065288305283;980.701037105324;1;0;0;0;0;1;0;23.59;68.9506654572493;1;0;0
40.000001;69.374471;100.808700561523;78.2355804443359;33.2012891769409;1068.10712913882;1;0;0;0;0;1;0;26.809;63.0481832457204;1;0;0
31.5;68.076425;107.900199890137;85.7446517944336;32.1303188800812;1133.71306752708;1;0;0;0;0;1;0;30.462;58.1246800817294;1;0;0
24.3;67.025424;118.255996704102;94.6036911010742;32.3852688074112;1213.57332718752;1;0;0;0;0;1;0;35.083;51.2600198099111;1;0;0
22.2;240.9;473.406585693359;396.506408691406;35.6535702943802;68.1245302137067;0;0;0;1;0;0;0;72.302;46.145403590479;1;0;0
22.6;327.22107;722.315795898438;533.648803710938;41.2840992212296;64.7110998526161;0;0;0;1;0;0;0;75.008;55.3214163558228;0;1;0
18.2;293.33185;623.216613769531;513.3740234375;33.0615907907486;73.4919140625;1;0;0;1;0;0;0;44.601;43.9498599058286;1;0;0
17.900001;280.40015;594.318786621094;493.788391113281;33.0301910638809;71.50732421875;1;0;0;1;0;0;0;45.878;42.3392044314713;1;0;0
41.9;121.3829;156.980499267578;134.488800048828;31.1674803495407;49.1994182606981;1;0;0;1;0;0;0;69.973;47.0688316398388;1;0;0
12.7;151.05935;305.060607910156;271.358184814453;27.5534093379974;47.6453926933886;1;0;0;1;0;0;0;72.354;43.5192129422678;1;0;0
5.2000001;185.13378;479.936309814453;416.518188476562;28.5665988922119;46.7746821094135;1;0;0;1;0;0;0;74.672;40.5676243588014;1;0;0
5.0999999;247.40581;572.592529296875;514.587890625;25.633230805397;46.7519435603859;1;0;0;1;0;0;0;77.181;44.0639238558713;1;0;0
5.0000001;288.28307;646.456176757812;578.942199707031;25.2778500318527;46.3979160508424;1;0;0;1;0;0;0;79.044;47.57351898;1;0;0
27.000001;102.73395;343.504486083984;170.871704101562;60.2539896965027;8.66383165278387;0;0;0;0;1;0;0;46.848;90.1216989754197;1;0;0
33.8;102.32671;267.305389404297;140.151596069336;56.5936923027039;9.36711968434897;0;0;0;0;1;0;0;46.214;87.2750699003427;1;0;0
25.999999;89.855831;270.437713623047;160.569107055664;53.2627701759338;10.4773345024112;0;0;0;0;1;0;0;45.582;81.7910742946685;1;0;0
60.600001;214.84389;297.351715087891;158.13459777832;58.5273802280426;8.52239084279516;0;0;0;0;1;0;0;64.17;72.2232761967228;1;0;0
45.100001;249.23343;384.285400390625;272.791107177734;46.0811913013458;9.427632234838;0;0;0;0;1;0;0;66.874;67.5525956414145;1;0;0
38.600001;231.12956;420.291595458984;296.486907958984;46.7324495315552;10.0339056586356;0;0;0;0;1;0;0;68.393;64.3685000434748;1;0;0
37.200001;246.00941;415.75390625;311.563507080078;41.6493713855743;10.6278057786393;0;0;0;0;1;0;0;69.773;61.1964472404396;1;0;0
26.499999;192.48805;595.033874511719;353.874603271484;53.5451412200928;23.8434981945744;0;0;0;0;1;0;0;84.923;45.0795496472828;1;0;0
23.7;192.46127;615.87939453125;378.653015136719;51.9428491592407;24.4637884744692;0;0;0;0;1;0;0;85.77;43.7481057517691;1;0;0
24.699999;195.75553;639.960388183594;387.830200195312;53.4288287162781;25.2507757706858;0;0;0;0;1;0;0;86.824;43.3913818;1;0;0
31.7;75.941582;147.838897705078;104.533599853516;40.8980011940002;15.7748492462312;1;0;0;0;0;1;0;28.688;70.3163868475522;1;0;0
12;87.127711;244.608703613281;182.264801025391;38.8093292713165;18.4060393000498;1;0;0;0;0;1;0;36.371;53.7143420533719;1;0;0
8.2000002;80.031114;265.784912109375;203.872406005859;37.4414086341858;19.5461409395973;1;0;0;0;0;1;0;40.167;47.3714692336582;1;0;0
58.999997;89.86031;127.538398742676;72.1244964599609;54.2121112346649;1.887286715;1;0;0;0;0;0;1;26.724;103.937338168728;1;0;0
32.9;56.406426;181.45280456543;87.6858062744141;60.7906103134155;2.4687417288656;1;0;0;0;0;0;1;47.286;87.6760582273183;1;0;0
19.3;60.233145;302.422485351562;141.677505493164;60.4590475559235;3.44696416282886;1;0;0;0;0;0;1;60.937;62.6055876114975;1;0;0
16.3;57.421474;242.303497314453;133.029495239258;53.3250272274017;3.742021774;1;0;0;0;0;0;1;67.155;63.2737970129443;1;0;0
62;54.056562;74.3286285400391;40.974609375;56.2366127967834;6.85955568397059;1;0;0;0;0;0;1;38.506;89.3030982271797;1;0;0
14.5;754.5;1787.68701171875;1505.49096679687;33.7464809417725;3.98221511356196;0;0;0;0;0;0;0;81.259;47.156455788445;0;1;0
11.7;738.78296;1836.91003417969;1554.40295410156;33.3082109689713;4.07595272592211;0;0;0;0;0;0;0;81.35;48.6160745277263;0;0;1
9.2969999;760.03553;2018.84802246094;1648.85498046875;34.2555314302444;191.090115396295;0;0;0;1;0;0;0;73.53;46.8355875257605;0;0;1
7.9219997;764.84092;2032.10205078125;1702.21997070312;32.5530290603638;198.018751897965;0;0;0;1;0;0;0;73.607;46.9501526139684;0;0;1
5.883;746.48047;2102.05590820312;1743.90905761719;32.4621886014938;204.710648851098;0;0;0;1;0;0;0;73.674;47.8864155270968;0;0;1
7.8749999;778.08969;2110.68701171875;1761.4580078125;33.1410497426987;213.883833978261;0;0;0;1;0;0;0;73.761;49.9325804984945;0;0;1
36.000001;185.33804;432.595794677734;252.896194458008;52.7720093727112;20.6344219213161;0;0;0;0;1;0;0;86.073;53.80445749989;1;0;0
22.2;204.93771;553.14208984375;360.650299072266;46.0483491420746;23.1779883044711;0;0;0;0;1;0;0;87.132;45.5512574902593;1;0;0
8.6000003;210.20608;775.390197753906;524.466003417969;44.4409400224686;24.8414849663498;0;0;0;0;1;0;0;87.49;45.3828389358575;0;1;0
60.500002;62.504794;67.7290573120117;54.1392211914062;33.6204409599304;129.186998857259;1;0;1;0;0;0;0;31.916;48.3924522744438;1;0;0
30.199999;57.705559;100.916397094727;79.2327499389648;35.8491986989975;138.330135459593;1;0;1;0;0;0;0;42.522;38.5730966495374;1;0;0
17.200001;52.898972;132.473907470703;96.0269165039062;40.6078904867172;141.936072304132;1;0;1;0;0;0;0;49.226;36.489722882657;1;0;0
10.2;53.374325;158.028793334961;117.922203063965;39.4973486661911;143.314362368783;1;0;1;0;0;0;0;51.765;36.6549076506147;1;0;0
7.1999997;74.754952;208.173904418945;170.051696777344;33.7563902139664;144.754720237128;1;0;1;0;0;0;0;54.259;37.1756398956484;1;0;0
4.5000002;78.998739;238.610198974609;195.718002319336;33.1798404455185;146.282102014807;1;0;1;0;0;0;0;56.736;38.4988746045366;1;0;0
32.9438;80.31866029;116.02619934082;100.030700683594;29.089230298996;129.186998857259;1;0;1;0;0;0;0;31.916;48.3924522744438;1;0;0
6.66551;74.151643315;218.443695068359;176.722396850586;34.7986996173859;138.330135459593;1;0;1;0;0;0;0;42.522;38.5730966495374;1;0;0
1.35855;67.97517902;306.942901611328;244.135192871094;35.744521021843;141.936072304132;1;0;1;0;0;0;0;49.226;36.489722882657;1;0;0
0.778258;68.586007625;347.106292724609;277.25390625;35.3533506393433;143.314362368783;1;0;1;0;0;0;0;51.765;36.6549076506147;1;0;0
3.16468;96.06011332;396.047088623047;317.785491943359;36.4296704530716;144.754720237128;1;0;1;0;0;0;0;54.259;37.1756398956484;1;0;0
1.97063;101.513379615;441.705596923828;353.009185791016;36.1248314380646;146.282102014807;1;0;1;0;0;0;0;56.736;38.4988746045366;1;0;0
10;64.475171;258.643890380859;176.325103759766;45.5262690782547;31.1892955974843;1;0;0;0;0;0;1;37.91;92.180735453661;1;0;0
36.8;75.111926;129.724105834961;95.3442764282227;40.5638188123703;44.6533396226415;1;0;0;0;0;0;1;41.21;87.9070770696591;1;0;0
48.899999;81.423806;114.988800048828;82.0133895874023;43.1837290525436;61.6527327044025;1;0;0;0;0;0;1;46.491;88.0564818756413;1;0;0
44.400001;75.567714;113.19539642334;82.2734222412109;41.4748013019562;73.0381855345912;1;0;0;0;0;0;1;49.444;83.0206847717815;1;0;0
53.299999;61.452816;88.1696014404297;56.3787307739258;44.4467604160309;29.5547227687165;1;0;0;0;0;0;1;43.164;97.5354468537559;1;0;0
39.899999;68.014755;117.908599853516;81.4850616455078;42.8200602531433;39.6231981553172;1;0;0;0;0;0;1;49.746;88.600675548789;1;0;0
37.5;78.84156;153.475296020508;103.754501342773;46.64086997509;47.9826066721669;1;0;0;0;0;0;1;53.976;85.6335342588988;1;0;0
69.300002;23.637835;22.5996894836426;16.0652904510498;42.1636313199997;23.40878234;1;0;0;0;0;0;1;37;95.06501202;1;0;0
63.9;43.20545;45.706600189209;32.9324417114258;42.0997112989426;30.4451807414922;1;0;0;0;0;0;1;41.082;97.4559441563328;1;0;0
50.700003;53.599355;81.8776168823242;52.260368347168;47.3305404186249;10.6084187408492;1;0;0;0;0;0;1;60.988;80.0856988758236;1;0;0
40.900001;59.501079;110.899200439453;71.9856491088867;48.9386707544327;12.8692357247438;1;0;0;0;0;0;1;63.712;79.7995501374216;1;0;0
49.700001;160.33167;294.399993896484;159.466506958008;56.0189008712769;36.8412465074358;0;0;0;0;1;0;0;74.797;59.1027695507834;1;0;0
37.200001;159.7274;384.833801269531;216.931198120117;54.6254813671112;40.7595304191077;0;0;0;0;1;0;0;77.964;51.1828718491393;1;0;0
36.300001;193.47441;445.132690429688;266.236297607422;52.5510191917419;42.332317260027;0;0;0;0;1;0;0;79.415;48.0811270706241;1;0;0
35.699999;193.71268;434.496398925781;268.798095703125;51.3349711894989;45.3712870662461;0;0;0;0;1;0;0;81.104;45.74415694;1;0;0
42.399999;102.24662;170.897506713867;116.76969909668;45.3345894813538;408.054809242343;1;1;0;0;0;0;0;28.338;76.1709116976335;1;0;0
57.999998;149.69725;215.730804443359;124.719398498535;52.4963021278381;108.1163772;1;0;0;0;0;0;1;54.291;88.9728365290783;1;0;0
46.000001;144.39881;240.845397949219;155.502807617188;47.1873909235001;117.880893300248;1;0;0;0;0;0;1;59.363;69.4984194038691;1;0;0
34.999999;148.0763;277.197113037109;196.239700317383;42.381089925766;130.209181141439;1;0;0;0;0;0;1;64.3;52.5579786197934;1;0;0
21.699999;205.59522;641.132629394531;410.244995117188;48.7164586782455;90.7380728554642;0;0;0;0;1;0;0;72.868;45.7331154978771;1;0;0
22.400001;223.35558;685.581787109375;436.362609863281;48.6336886882782;93.9168820994908;0;0;0;0;1;0;0;75.941;44.7160811405402;1;0;0
20;224.44549;723.619812011719;456.589996337891;48.3464002609253;96.9438699569134;0;0;0;0;1;0;0;78.56;44.566920211169;0;1;0
20.999999;224.27846;703.567199707031;447.337585449219;47.9612201452255;98.8554837446142;0;0;0;0;1;0;0;80.076;44.84162022;0;1;0
14.8;709.91608;1444.20104980469;1188.23095703125;31.457930803299;120.412554112554;0;0;0;1;0;0;0;67.551;41.3510145122706;0;1;0
14.7;683.97162;1405.44494628906;1135.67102050781;32.7398598194122;128.708333333333;0;0;0;1;0;0;0;66.81;43.8991986273938;0;1;0
9.7999997;420.49048;840.8798828125;745.303894042969;26.6235113143921;135.608622475401;0;0;0;1;0;0;0;73.255;42.2105502683892;0;1;0
10.1;527.59505;994.488220214844;872.197509765625;24.990339577198;137.693367875648;0;0;0;1;0;0;0;73.792;53.8638618382904;0;1;0
15.800001;796.94071;1573.68298339844;1342.30603027344;30.247700214386;234.606908225034;0;0;0;1;0;0;0;76.966;51.7937457997838;0;1;0
16.1;796.93537;1644.22998046875;1403.791015625;31.8706691265106;235.712929356538;0;0;0;1;0;0;0;77.224;52.9145728699203;0;1;0
24.1;62.015;135.314498901367;101.505401611328;39.9978399276733;32.2235547886109;1;1;0;0;0;0;0;76.624;75.8089723673681;1;0;0
23;58.732;148.510101318359;107.304496765137;44.1270709037781;38.105823986195;1;1;0;0;0;0;0;77.222;54.8870558776184;1;0;0
21.1;63.894469;155.818298339844;116.929000854492;41.5879905223846;40.7289473684211;1;1;0;0;0;0;0;77.648;52.5285800143465;1;0;0
12;803.426;1594.88793945312;1401.24499511719;27.1985590457916;130.749069054914;0;0;0;1;0;0;0;86.795;52.9459492095595;0;1;0
14;892.442;1708.43896484375;1484.34301757812;28.166338801384;144.8409;0;0;0;1;0;0;0;87.874;56.9149567170267;0;1;0
31.8;171.25;431.028503417969;261.750610351562;51.5211999416351;175.353363692817;0;0;0;0;1;0;0;63.371;65.8892952684275;1;0;0
49.5;181.67523;305.315704345703;181.906600952148;52.0561993122101;185.767832746843;0;0;0;0;1;0;0;66.003;63.0223805902884;1;0;0
40.5;201.73028;378.073791503906;248.22509765625;47.3266005516052;200.685593044918;0;0;0;0;1;0;0;73.753;57.3864372408513;1;0;0
20.999999;202.83465;496.606414794922;355.883514404297;41.9185698032379;222.292630925274;0;0;0;0;1;0;0;81.828;53.86292148;1;0;0
7.9999998;64.812186;202.048492431641;150.344299316406;40.1949107646942;10.2628611855198;1;1;0;0;0;0;0;50.511;91.2505952260795;1;0;0
14;77.492689;192.498001098633;155.714401245117;35.3300511837006;12.0742755296548;1;1;0;0;0;0;0;55.997;76.5874583896034;1;0;0
5.5;105.79154;249.731094360352;217.738494873047;27.6157289743423;15.3927145700202;1;1;0;0;0;0;0;68.236;49.2130947282274;1;0;0
36.700001;151.24939;353.953308105469;205.220504760742;53.363448381424;57.56384684;0;0;0;0;1;0;0;62.104;61.05319685;1;0;0
32.800001;158.83057;360.7919921875;232.519195556641;48.8044291734695;60.4409607022065;0;0;0;0;1;0;0;62.69;58.813263359132;1;0;0
22.499999;154.3919;415.507904052734;289.258514404297;44.9948787689209;64.2286922209696;0;0;0;0;1;0;0;63.261;55.9168412913275;1;0;0
25;161.76067;413.093597412109;286.810913085938;45.7115292549133;69.9535231116122;0;0;0;0;1;0;0;63.986;54.03376113;1;0;0
24.18;77.030519;135.349700927734;109.794898986816;32.0039391517639;56.3910542970516;1;1;0;0;0;0;0;43.478;83.0105691344499;1;0;0
16.74;84.818995;162.679595947266;128.310394287109;32.7614396810532;67.8241910693656;1;1;0;0;0;0;0;42.75;73.5331660191647;1;0;0
25.2;97.2258;159.960800170898;130.514801025391;30.1914602518082;83.139519815159;1;1;0;0;0;0;0;43.019;59.6147021075962;1;0;0
32.499999;100.70723;153.953094482422;123.776397705078;31.5339505672455;96.8834125269978;1;1;0;0;0;0;0;42.705;63.8363130332394;1;0;0
29.7;95.75;151.891006469727;122.11840057373;31.53395057;100.846929529359;1;1;0;0;0;0;0;42.73;64.2337169671459;1;0;0
20.6;569.46824;1191.873046875;994.0576171875;35.2468401193619;93.1519309613808;0;0;0;1;0;0;0;78.442;46.730008815098;0;1;0
20.7;558.88511;1158.30798339844;977.424499511719;34.7189486026764;93.6697920792501;0;0;0;1;0;0;0;80.321;51.6196951902596;0;1;0
6.3000001;253.95711;869.168090820312;693.18359375;34.5915585756302;30.2402806533241;0;0;0;1;0;0;0;68.269;52.5543989137625;0;1;0
2.2;261.6;1107.52905273438;945.22119140625;30.3214490413666;30.41124914;0;0;0;1;0;0;0;68.88;56.20961758;0;1;0
45.500001;39.764184;64.1273498535156;42.7304496765137;44.5645093917847;57.047908;1;0;0;0;0;0;1;13.827;98.6958664519767;1;0;0
38.699999;58.605832;79.4376220703125;67.0155487060547;29.806849360466;65.7414771362547;1;0;0;0;0;0;1;15.504;98.6428275132746;1;0;0
29.6;52.494745;85.0879135131836;69.4194183349609;33.1705987453461;77.6087684392043;1;0;0;0;0;0;1;17.319;93.1743265219224;1;0;0
23.5;50.762125;94.5757827758789;77.4488525390625;34.9931210279465;89.2923727735845;1;0;0;0;0;0;1;19.428;83.9197236322995;1;0;0
13.699999;789.20489;1500.61401367188;1300.2509765625;27.7140885591507;17.6484106614018;0;0;0;1;0;0;0;83.77;50.9483114065022;0;1;0
11.6;814.65749;1586.47204589844;1382.22204589844;27.3297697305679;18.1479501184522;0;0;0;1;0;0;0;85.382;60.9423994855002;0;1;0
39.8;160.71658;249.119705200195;188.596099853516;38.1020486354828;44.6227148330597;1;0;1;0;0;0;0;48.692;58.0243300136071;1;0;0
35.2;159.63238;278.424011230469;198.103302001953;40.3755903244019;46.2704433497537;1;0;1;0;0;0;0;51.146;52.0961412864538;1;0;0
34;162.72715;271.786987304688;205.072601318359;36.6966009140015;47.3786535303777;1;0;1;0;0;0;0;53.706;52.2440666518927;1;0;0
14;725.32434;1603.42895507812;1306.34594726562;33.7204813957214;118.7593382972;0;0;0;1;0;0;0;78.369;54.6309059178848;0;1;0
13.600001;757.74223;1644.20495605469;1368.45495605469;32.3806911706924;122.299435492561;0;0;0;1;0;0;0;80.444;61.2671434464288;0;1;0
29.899999;108.47361;222.681106567383;163.90950012207;42.3557996749878;151.612857142857;1;0;1;0;0;0;0;22.33;74.651943521048;1;0;0
41.2;102.39792;154.856292724609;117.777000427246;40.0576293468475;151.322857142857;1;0;1;0;0;0;0;22.355;59.0098474840879;1;0;0
32.699999;110.07719;209.979705810547;149.217102050781;42.184990644455;5.39662746924361;1;0;0;0;0;0;1;82.452;78.7441432987769;1;0;0
33.399999;171.40493;295.394897460938;231.614593505859;38.0243688821793;8.01343967089688;1;0;0;0;0;0;1;88.976;67.8042576361545;1;0;0
16;622.3;1372.79797363281;1131.64697265625;34.3899309635162;259.440189310958;0;0;0;1;0;0;0;81.302;51.6650449382949;0;1;0
14.6;615.5;1511.41394042969;1242.11694335938;35.1488292217255;273.049472988054;0;0;0;1;0;0;0;83.143;56.0698960446915;0;1;0
35.4;108.34423;173.650100708008;138.955307006836;37.3794794082642;68.27511459;1;0;0;1;0;0;0;53.605;50.39714411;1;0;0
37.3;111.29198;178.987899780273;138.890899658203;39.4614607095718;66.2496063543161;1;0;0;1;0;0;0;55.535;47.4836185354363;1;0;0
21.600001;108.27328;230.352996826172;181.965698242188;36.503678560257;65.1750586094685;1;0;0;1;0;0;0;57.448;49.9593831389708;1;0;0
19.499999;109.3376;234.575302124023;188.952392578125;35.9486192464828;65.0477623429791;1;0;0;1;0;0;0;59.039;54.0653749697699;1;0;0
50.800002;60.732418;78.5272216796875;59.8121185302734;38.4372293949127;66.8338182297618;1;0;0;0;0;0;1;37.17;88.3571533055468;1;0;0
31.900001;70.615703;137.738998413086;100.289398193359;42.7655398845673;95.8716797046673;1;0;0;0;0;0;1;47.308;77.585949061669;1;0;0
24.2;82.542804;196.090103149414;142.812606811523;42.3732101917267;114.250017579327;1;0;0;0;0;0;1;52.073;71.7731151305344;1;0;0
23.4;82.468851;206.086898803711;151.367095947266;43.5208797454834;125.173358530368;1;0;0;0;0;0;1;54.749;69.6450562685164;1;0;0
40.266;47.67;87.1886520385742;58.1118698120117;46.0816085338593;28.8178251668566;1;0;0;0;0;0;1;29.182;97.6490172697919;1;0;0
49.2;44.97;64.4971771240234;45.1628913879395;43.0041611194611;34.9425118020511;1;0;0;0;0;0;1;31.42;100.572418376536;1;0;0
55.199999;76.430854;86.3746490478516;70.2546997070312;33.7296992540359;43.3502726680775;1;0;0;0;0;0;1;34.255;95.144716670868;1;0;0
69;55.269224;56.2799797058105;36.077018737793;48.5194593667984;122.344367588933;1;0;0;0;0;0;1;46.057;97.5711415682501;1;0;0
48.100001;87.709132;128.952697753906;90.7475967407227;43.568429350853;177.193280632411;1;0;0;0;0;0;1;55.662;91.5838394846071;1;0;0
48.6;114.69135;148.743392944336;115.274002075195;35.9188288450241;206.112648221344;1;0;0;0;0;0;1;59.228;89.2411971080262;1;0;0
64.700001;65.924196;66.432746887207;52.2312393188477;35.5697512626648;44.6107041251778;1;0;0;0;0;0;1;37.004;91.5160332940465;1;0;0
69.300002;60.490648;66.4813232421875;40.5502014160156;50.6642401218414;54.146479374111;1;0;0;0;0;0;1;40.111;84.6801269206697;1;0;0
21.4;481.85922;938.339599609375;800.751586914062;34.1033309698105;86.278828549263;0;0;0;1;0;0;0;76.292;51.991352297526;0;1;0
17.900001;335.58231;701.062194824219;600.836975097656;32.8912109136581;83.2651823118697;0;0;0;1;0;0;0;79.058;55.5851598567029;0;1;0
56.2;215.48;325.165008544922;188.796401977539;54.1765213012695;108.153798058977;0;0;0;0;1;0;0;45.332;91.255325844573;1;0;0
50.999999;198.20117;332.224700927734;194.972900390625;54.5707225799561;123.3046845838;0;0;0;0;1;0;0;47.21;85.1516003729002;1;0;0
59.299999;204.8642;258.624298095703;169.739501953125;48.2785910367966;142.836095558044;0;0;0;0;1;0;0;49.634;70.3674121227947;1;0;0
35.100001;121.18815;227.455993652344;164.303894042969;44.5520490407944;3.8291998983998;0;0;0;0;1;0;0;28.871;65.0499127430222;1;0;0
49.5;153.6;242.263900756836;156.328903198242;50.3004789352417;80.0392260255608;0;0;0;0;1;0;0;54.514;63.1579359683201;1;0;0
48.9;161.7;253.544403076172;168.249206542969;49.8118609189987;82.8563321118956;0;0;0;0;1;0;0;55.813;59.8489823907047;1;0;0
48.300001;160.29507;249.162796020508;166.063400268555;48.9377796649933;85.6870319063366;0;0;0;0;1;0;0;57.096;57.3106156815722;1;0;0
20.900001;351.15183;590.626281738281;508.348785400391;32.3797702789307;76.758881343817;0;0;0;1;0;0;0;55.155;49.2600804847292;1;0;0
18.3;380.5801;716.667724609375;635.86181640625;29.7294706106186;72.2361371267008;0;0;0;1;0;0;0;56.947;53.7453175068827;0;1;0
58.499998;112.6;128.394500732422;96.9066696166992;41.1037713289261;371.949564586357;1;0;0;0;1;0;0;49.477;66.8457586610321;1;0;0
14.1;287.87855;598.817504882812;530.294921875;29.4442296028137;110.460874848117;0;0;0;1;0;0;0;68.911;44.8274139126108;1;0;0
12.3;369.79983;769.695617675781;682.785888671875;29.6120405197144;107.117729563883;0;0;0;1;0;0;0;71.351;50.5337672766974;0;1;0
25.72;34.1376;50.5767517089844;44.3521881103516;25.6841510534286;113.561491965533;1;0;1;0;0;0;0;39.593;57.0715852277609;1;0;0
21.1;53.793;85.9918365478516;74.4040908813477;25.5338191986084;119.983104710279;1;0;1;0;0;0;0;43.568;54.0090054378499;1;0;0
21.81;49.7627;84.0401916503906;71.1475830078125;28.9171695709229;126.585371804567;1;0;1;0;0;0;0;46.738;52.4142988080915;1;0;0
16.56;56.4831;114.442001342773;93.1960983276367;31.5333098173141;133.494270163449;1;0;1;0;0;0;0;49.914;51.0359912250387;1;0;0
14.17;66.865;140.911102294922;114.323196411133;31.914409995079;140.833091738106;1;0;1;0;0;0;0;52.635;49.357239171031;1;0;0
12.85;79.696;178.084197998047;147.552307128906;31.6865414381027;144.139988463499;1;0;1;0;0;0;0;55.985;47.63508269;1;0;0
21.92;39.5664;75.2229537963867;59.5106811523438;33.7760806083679;113.561491965533;1;0;1;0;0;0;0;39.593;57.0715852277609;1;0;0
14.46;59.69;131.921600341797;101.386497497559;33.9382112026215;119.983104710279;1;0;1;0;0;0;0;43.568;54.0090054378499;1;0;0
13.47;55.1059;128.918899536133;98.7803421020508;35.5174988508224;126.585371804567;1;0;1;0;0;0;0;46.738;52.4142988080915;1;0;0
9.87;54.9177;163.312301635742;121.918998718262;38.2047712802887;133.494270163449;1;0;1;0;0;0;0;49.914;51.0359912250387;1;0;0
8.34;59.8854;203.544097900391;138.914703369141;42.7652597427368;140.833091738106;1;0;1;0;0;0;0;52.635;49.357239171031;1;0;0
6.69;68.27506;236.64729309082;175.229400634766;39.2156690359116;144.139988463499;1;0;1;0;0;0;0;55.985;47.63508269;1;0;0
50.1;55.848;66.0317687988281;55.6417083740234;28.5865694284439;311.922164409271;1;0;0;0;0;1;0;26.191;70.1952381207558;1;0;0
41.8;55.522;74.6638793945312;60.895191192627;30.4535806179047;379.936518016003;1;0;0;0;0;1;0;28.903;60.8392023472969;1;0;0
33.8;54.9285;80.0297775268555;65.9938888549805;29.9502998590469;409.568919241623;1;0;0;0;0;1;0;30.587;56.8825137506843;1;0;0
25.7;56.9745;93.8868789672852;76.0157623291016;31.1275213956833;420.520965360438;1;0;0;0;0;1;0;31.276;55.2086374202875;1;0;0
31.8;58.13;95.9192504882812;75.094352722168;34.3852311372757;311.922164409271;1;0;0;0;0;1;0;26.191;70.1952381207558;1;0;0
25.7;56.476;111.044097900391;83.5981597900391;37.6351714134216;379.936518016003;1;0;0;0;0;1;0;28.903;60.8392023472969;1;0;0
20.9;57.075;127.148300170898;93.0692596435547;39.3479704856873;409.568919241623;1;0;0;0;0;1;0;30.587;56.8825137506843;1;0;0
13.7;55.322;143.719802856445;105.308296203613;39.0144288539886;420.520965360438;1;0;0;0;0;1;0;31.276;55.2086374202875;1;0;0
15.2;610.28576;1321.63793945312;1116.38903808594;32.2970986366272;66.1947307301495;0;0;0;1;0;0;0;61.542;46.6182649925745;0;1;0
14.9;788.40663;1588.583984375;1317.39794921875;31.359800696373;69.7835389751778;0;0;0;1;0;0;0;62.947;54.1067735806537;0;1;0
27.000001;116.47145;292.346496582031;194.439697265625;47.4196404218674;30.2440230604877;1;0;0;0;0;1;0;54.133;95.7366310904135;1;0;0
20.999999;120.14128;324.691711425781;228.789306640625;44.095641374588;39.2764041356615;1;0;0;0;0;1;0;62.588;70.2442100001192;1;0;0
16.7;172.17893;461.593292236328;342.510406494141;39.9652004241943;48.8494412927626;1;0;0;0;0;1;0;73.88;42.7499146118352;1;0;0
33.000001;370.18653;487.755401611328;359.010101318359;40.8029407262802;49.5309014219406;1;0;0;0;0;1;0;74.394;43.4443394491114;1;0;0
22.400001;107.25877;180.535003662109;153.977203369141;28.6006093025208;62.757217;1;1;0;0;0;0;0;68.819;83.0907809458909;1;0;0
18.9;103.26142;191.106002807617;162.584594726562;29.5418590307236;73.4251496592374;1;1;0;0;0;0;0;69.432;78.5303425340529;1;0;0
9.2;685.04033;1369.48498535156;1227.47595214844;26.1716187000275;3.17247880299252;0;0;0;1;0;0;0;93.574;48.8150106450179;0;1;0
8.8;901.0681;1805.63195800781;1620.59594726562;26.1315792798996;3.42543640897756;0;0;0;1;0;0;0;93.773;52.4740473674395;0;0;1
23.5;414.13;997.314270019531;784.211608886719;41.3467913866043;365.549907578558;0;0;0;1;0;0;0;91.96;61.85655098;0;1;0
22;467.47642;1105.92102050781;905.548583984375;39.0130192041397;394.916820702403;0;0;0;1;0;0;0;92.256;65.0135702711428;0;1;0
3.3;291.76971;1306.00305175781;1112.75598144531;33.8336110115051;197.081267423676;0;0;0;1;0;0;0;67.738;51.1182668809366;0;1;0
4.1999999;301.86235;1310.32299804688;1111.45300292969;34.7213089466095;201.527901679472;0;0;0;1;0;0;0;68.327;52.6848814854331;0;1;0
7.5999998;348.04665;1243.61804199219;1068.32897949219;35.3974401950836;206.667369279935;0;0;0;1;0;0;0;69.272;54.9799071402516;0;1;0
8.3999999;390.83565;1295.61096191406;1097.56994628906;35.9279990196228;205.809169103148;0;0;0;1;0;0;0;70.144;56.1884000768445;0;1;0
24.4;85.868903;165.259704589844;134.265701293945;35.6734186410904;229.416528162512;1;0;0;0;1;0;0;50.136;70.4585043637189;1;0;0
16.9;115.16254;339.570587158203;235.390396118164;44.0802007913589;243.090951061865;1;0;0;0;1;0;0;51.574;67.0419705898775;1;0;0
16.9;115.50982;369.134796142578;241.630493164062;45.4574704170227;251.617266851339;1;0;0;0;1;0;0;52.625;62.4832672969194;1;0;0
2.9999999;99.073044;338.799499511719;264.213989257812;36.061429977417;35.4917951042611;1;1;0;0;0;0;0;68.315;101.600677685519;1;0;0
21.3;114.41937;231.667404174805;178.58740234375;36.4205598831177;54.9472008159565;1;1;0;0;0;0;0;78.232;76.7875224104593;1;0;0
13;129.56446;299.024200439453;236.264495849609;33.8562488555908;67.9004986400725;1;1;0;0;0;0;0;80.97;70.9452382589523;1;0;0
14.399999;150.69125;335.466613769531;265.449493408203;33.6557298898697;81.7925095742284;1;1;0;0;0;0;0;86.088;69.802808588611;1;0;0
15.7;160.5;347.74560546875;275.165710449219;33.6557298898697;112.24737553503;1;1;0;0;0;0;0;90.979;61.5299579387269;1;0;0
11.735;463.74531;1230.3330078125;1047.81896972656;34.8423212766647;351.338820301783;0;0;1;0;0;0;0;89.103;53.2529944725622;0;1;0
13.410001;656.84174;1424.63098144531;1187.93505859375;32.8547298908234;349.643347050754;0;0;1;0;0;0;0;91.226;60.7497660649142;0;1;0
46.700001;131.11908;171.026306152344;137.48649597168;35.964760184288;5.50369855909916;1;0;0;1;0;0;0;56.171;51.1656677525159;1;0;0
31.600001;119.93799;225.517807006836;170.001205444336;39.8260414600372;5.61063414453458;1;0;0;1;0;0;0;56.463;47.4372616571772;1;0;0
6.4999998;134.41603;306.231903076172;260.040100097656;27.9545098543167;6.04580953439271;1;0;0;1;0;0;0;56.827;44.6464614954871;1;0;0
4.3000001;163.86135;383.519897460938;321.523712158203;27.7928709983826;6.769825721;1;0;0;1;0;0;0;57.428;55.89047057;1;0;0
44.999999;78.879028;165.80419921875;88.1797180175781;57.4609577655792;44.4988544119197;1;0;0;0;0;0;1;17.342;103.087520620625;1;0;0
51.999998;84.011835;119.517997741699;80.8118515014648;44.9830800294876;51.6843992690726;1;0;0;0;0;0;1;18.898;94.1583570643676;1;0;0
46.799999;61.78519;97.5105667114258;64.8425979614258;46.4529186487198;64.3512931791826;1;0;0;0;0;0;1;21.675;85.5557940133779;1;0;0
36.1;56.95218;99.8227233886719;72.8450317382812;40.7757699489594;84.12400464;1;0;0;0;0;0;1;25.658;77.1299853344741;1;0;0
39.899999;108.06924;167.59880065918;125.059303283691;37.3812407255173;27.2075078206465;1;0;0;1;0;0;0;35.289;56.2372288550258;1;0;0
33.700001;120.32204;173.957702636719;146.567596435547;30.1339209079742;28.4040667361835;1;0;0;1;0;0;0;35.306;52.4862744439453;1;0;0
32.100001;116.11906;169.690200805664;141.717803955078;28.9979189634323;31.0578727841502;1;0;0;1;0;0;0;35.777;55.8485253530851;1;0;0
20.100001;115.12114;197.309494018555;162.396392822266;29.7012209892273;33.6611053180396;1;0;0;1;0;0;0;36.591;58.98752654;1;0;0
21.799999;75.173301;154.892303466797;124.096603393555;36.9729995727539;116.472839506173;1;0;1;0;0;0;0;44.03;66.0208355330306;1;0;0
6.4;346.4;1130.17102050781;974.061828613281;32.0212185382843;509.815967078189;0;0;1;0;0;0;0;81.936;36.6025355130918;0;1;0
14.7;611.02298;1304.2919921875;1135.59497070312;31.4048588275909;525.370072521002;0;0;1;0;0;0;0;81.562;36.679001839695;0;1;0
46.000001;71.293486;96.5139694213867;74.7047576904297;34.3098610639572;19.4989211438475;1;0;1;0;0;0;0;16.133;92.524513945602;1;0;0
33.500001;58.743847;90.8441696166992;72.6860504150391;32.6201111078262;23.8008925476603;1;0;1;0;0;0;0;24.044;84.8526545005214;1;0;0
23.199999;66.49371;132.516098022461;101.953300476074;36.3862812519073;27.9225736568458;1;0;1;0;0;0;0;31.264;63.6438798692683;1;0;0
18.3;67.746247;159.730392456055;116.525497436523;38.8024300336838;30.59578423;1;0;1;0;0;0;0;35.004;57.92566196;1;0;0
27.399999;459.67119;757.614318847656;642.705200195312;31.8324506282806;508.5379277;1;1;0;0;0;0;0;87.484;47.4912686219548;0;1;0
63.800001;51.307694;51.6502990722656;41.8166389465332;36.4777505397797;35.9417670265781;1;0;0;0;0;0;1;46.742;86.641625926493;1;0;0
50.9;64.076993;78.8221664428711;62.8259506225586;35.2654606103897;47.6203073089701;1;0;0;0;0;0;1;50.254;81.8170575035408;1;0;0
25.099999;46.225387;105.650802612305;77.8487091064453;42.5843805074692;254.090163934426;0;0;0;0;1;0;0;28.765;74.2374811668822;1;0;0
25;189.10027;578.872619628906;376.59521484375;51.23330950737;265.272131147541;0;0;0;0;1;0;0;18.558;40.3389513400583;1;0;0
26.100001;76.555907;130.186904907227;104.086700439453;32.4475795030594;276.284053579971;1;0;0;0;0;1;0;18.535;60.1925683025551;1;0;0
28.799999;79.912035;141.58869934082;107.343200683594;35.3996992111206;290.909137298676;1;0;0;0;0;1;0;18.458;55.1589427878088;1;0;0
8.9000002;75.092202;196.919494628906;149.413299560547;36.0541492700577;320.897911018976;1;0;0;0;0;1;0;18.242;48.555523541466;1;0;0
4.1000001;76.931362;258.435791015625;187.697204589844;39.345771074295;342.575089266961;1;0;0;0;0;1;0;18.311;52.353631151162;1;0;0
56.599998;51.07542;68.2885437011719;43.2821388244629;51.5749216079712;66.85866271;1;0;0;0;0;0;1;20.597;75.8641244217872;1;0;0
49.700001;98.649736;140.095596313477;97.6806335449219;44.8796987533569;68.8870882740448;1;0;0;0;0;0;1;27.73;60.9115137936553;1;0;0
15.800001;322.25632;820.096313476562;651.867980957031;38.3912086486816;45.7876664218895;0;0;0;1;0;0;0;67.366;50.6258504187303;0;1;0
11.1;337.29097;937.788330078125;753.848815917969;35.7078105211258;44.73164618;0;0;0;1;0;0;0;67.679;52.87589335;0;1;0
13.600001;1013.7024;2183.22998046875;1879.61596679688;30.5043786764145;208.622633744856;0;0;0;1;0;0;0;88.547;46.2780752983541;0;0;1
17.5;1049.2769;2335.5009765625;1923.22595214844;35.3680908679962;250.185185185185;0;0;0;1;0;0;0;90.981;42.9835743247693;0;0;1
19;243.93971;520.228820800781;445.033203125;35.0344091653824;33.7010764781491;0;0;0;1;0;0;0;67.841;47.6403849037002;1;0;0
22.9;264.93523;882.653381347656;715.277587890625;35.096150636673;31.0383958769528;0;0;0;1;0;0;0;68.142;56.3461763121516;0;1;0
21.1;79.638975;169.705505371094;129.507293701172;39.1866385936737;49.3001187542012;1;1;0;0;0;0;0;44.063;82.8035505822715;1;0;0
13.1;80.255197;227.882293701172;170.744705200195;39.201408624649;55.5847232803047;1;1;0;0;0;0;0;48.391;77.2388970368855;1;0;0
15.3;73.360517;200.80549621582;144.485595703125;40.6370103359222;64.5164216894466;1;1;0;0;0;0;0;53.335;63.2862527139539;1;0;0
4.8;85.728029;310.100311279297;226.359802246094;39.5485103130341;75.5449092538651;1;1;0;0;0;0;0;59.7;51.8977617266585;1;0;0
29.100001;81.005868;143.682693481445;113.439697265625;36.2782299518585;100.536463953772;1;0;0;1;0;0;0;42.775;39.7458639136628;1;0;0
21.9;148.2289;274.690612792969;227.460494995117;32.0509195327759;99.7485620664413;1;0;0;1;0;0;0;42.62;36.355435896214;1;0;0
9.6000001;144.88914;296.400390625;257.584991455078;27.0281612873077;98.74002856;1;0;0;1;0;0;0;42.49;34.84521389;1;0;0
7.2999999;145.87548;299.208190917969;261.128112792969;25.6616503000259;94.2644302783293;1;0;0;1;0;0;0;42.629;37.6077233860244;1;0;0
69.999999;57.905932;59.9429092407227;41.0725402832031;45.2556997537613;21.796368263576;1;0;0;0;0;0;1;25.251;93.7211854970071;1;0;0
71.700001;50.258615;48.2615585327148;33.7029609680176;42.4174904823303;36.37177150325;1;0;0;0;0;0;1;31.938;86.414133731503;1;0;0
70.700002;47.531889;45.3270606994629;31.8788204193115;42.6481813192368;38.4098196100001;1;0;0;0;0;0;1;33.227;83.9855111243575;1;0;0
15;92.2;240.557006835937;187.466400146484;38.3727610111237;1177.99333333333;1;0;0;0;0;1;0;36.021;44.4858743202911;1;0;0
8.2000002;215.8807;529.753173828125;445.330291748047;31.2856495380402;1585.04333333333;1;0;0;0;0;1;0;38.954;32.634059941704;1;0;0
44.4;211.45;374.570495605469;236.616592407227;49.8838514089584;57.0052069240464;0;0;0;0;1;0;0;77.222;57.1493140441834;1;0;0
46.1;215.14491;349.123107910156;229.922302246094;47.2139090299606;58.6913053319273;0;0;0;0;1;0;0;77.815;55.4022544659792;1;0;0
46.200001;212.4532;359.592407226562;226.665298461914;48.7224400043488;61.9126664780473;0;0;0;0;1;0;0;78.993;52.8612307524031;1;0;0
41.9;240.34252;410.826812744141;276.300109863281;45.3754901885986;64.9146264050001;0;0;0;0;1;0;0;80.156;51.0129948030625;1;0;0
26.800001;138.85554;279.636596679688;236.566604614258;40.1606202125549;82.1070975416336;0;0;0;1;0;0;0;57.089;41.8486749087561;1;0;0
21.600001;183.03652;366.143188476562;331.787689208984;32.9607009887695;82.5915146708961;0;0;0;1;0;0;0;57.963;43.2401394057924;1;0;0
50.9;50.900232;67.4281387329102;48.7845916748047;39.8672789335251;9.23757775428417;1;0;0;0;0;0;1;29.075;99.5269740055205;1;0;0
41.100001;51.213504;71.8029327392578;57.4653511047363;33.0379605293274;11.9501299;1;0;0;0;0;0;1;35.2;100.960699219569;1;0;0
15.6;550.82263;1084.37805175781;955.1708984375;29.0258705615997;1295.3375;0;0;0;1;0;0;0;94.072;44.2645088314626;0;1;0
17.1;757.34196;1410.24597167969;1244.07604980469;28.6650896072388;1514.46875;0;0;0;1;0;0;0;94.612;52.9665015892255;0;1;0
32.100001;109.08461;186.539703369141;138.663803100586;38.0685091018677;80.6650425675262;1;0;1;0;0;0;0;29.858;49.2223379928886;1;0;0
24.8;113.74596;191.338897705078;159.105392456055;30.6968688964844;81.7760397677661;1;0;1;0;0;0;0;30.322;47.9459578271309;1;0;0
25.2;232.77591;410.050201416016;322.620300292969;41.2159293889999;46.1413382899628;0;0;0;1;0;0;0;64.804;47.3117896715755;1;0;0
23.6;216.90647;466.426910400391;383.000885009766;38.4879499673843;46.2678810408922;0;0;0;1;0;0;0;66.141;48.0934487362241;1;0;0
36.300001;97.992376;145.784393310547;121.700401306152;33.1953406333923;1.4791961687994;1;0;1;0;0;0;0;56.805;73.6815095799861;1;0;0
38.800001;172.51041;246.578094482422;202.104995727539;33.0812096595764;1.7507505342568;1;0;1;0;0;0;0;67.567;44.5642046405821;1;0;0
21.600001;175.40265;325.558013916016;270.337005615234;32.0377886295319;1.89249723216355;1;0;1;0;0;0;0;68.163;47.5205417317272;1;0;0
28.4;171.05;286.469696044922;235.268005371094;32.7409893274307;2.03577063486712;1;0;1;0;0;0;0;68.445;52.6556681749826;1;0;0
69.400001;38.918034;43.6803512573242;24.3118705749512;53.5598576068878;20.2960934916961;1;0;0;0;0;0;1;28.013;91.7782518430509;1;0;0
54.699999;43.419876;58.4353408813477;39.9375801086426;45.5783396959305;28.32802971;1;0;0;0;0;0;1;30.832;95.1474788752111;1;0;0
46.1;40.879609;78.9664764404297;44.1639595031738;53.9966821670532;33.426794933747;1;0;0;0;0;0;1;33.878;94.2253308722448;1;0;0
54.299998;106.58895;126.08570098877;97.9719314575195;37.7473592758179;2.244717182;1;1;0;0;0;0;0;38.705;90.6252420273114;1;0;0
41.999999;113.30983;159.551406860352;130.051193237305;35.6853812932968;3.19805763073639;1;1;0;0;0;0;0;44.788;81.1639382284369;1;0;0
31;109.22552;174.561599731445;146.712799072266;32.6193511486053;3.81381197244591;1;1;0;0;0;0;0;50.203;77.9479089096271;1;0;0
20.4;159.82;330.406402587891;257.243896484375;35.6534212827682;607.879802955665;1;0;0;0;0;0;1;42;45.1689977306977;1;0;0
15.4;155.315;374.83349609375;281.514495849609;38.4653985500336;618.661083743842;1;0;0;0;0;0;1;41.332;41.2929065646622;1;0;0
10.4;156.415;414.15478515625;319.376403808594;36.7612093687057;622.962068965517;1;0;0;0;0;0;1;40.841;41.4608145490829;1;0;0
65.3;59.201736;115.914199829102;47.0893211364746;65.755569934845;108.8768137;1;0;0;0;0;0;1;14.002;95.4262787830419;1;0;0
50.700003;38.872175;57.1195907592773;38.0752983093262;45.4759687185287;154.217352566822;1;0;0;0;0;0;1;15.544;96.1066794854261;1;0;0
51.499999;42.3786;62.7902908325195;41.4327697753906;44.694310426712;182.491397963513;1;0;0;0;0;0;1;16.506;89.865093772243;1;0;0
7.5999998;219.43951;838.732727050781;617.688171386719;41.0663992166519;92.1350235884949;0;0;1;0;0;0;0;74.213;45.0645499959841;0;1;0
37.7;61.626;206.766494750977;83.5957412719727;63.3187592029572;2.282448469;1;0;0;0;0;0;1;34.709;78.7490249795484;1;0;0
28.7;61.15647;231.942504882812;101.568000793457;60.9651803970337;2.52771684339662;1;0;0;0;0;0;1;40.601;71.8561558878276;1;0;0
17.399999;62.253987;335.300903320312;163.535293579102;59.0666115283966;2.81177227951269;1;0;0;0;0;0;1;46.9;68.4821277809802;1;0;0
63;44.21181;46.9644508361816;36.6764488220215;36.0975593328476;6.763061498;1;0;0;0;0;0;1;15.529;103.130864888384;1;0;0
53.7;38.326284;52.4606018066406;35.6365509033203;44.4254398345947;10.7558751085498;1;0;0;0;0;0;1;16.242;106.76423993603;1;0;0
48.199999;56.500317;70.9649276733398;57.1629600524902;31.4517110586166;13.5112978605826;1;0;0;0;0;0;1;16.216;111.411292299988;1;0;0
45.4;58.383;78.1362762451172;61.532299041748;34.2765808105469;15.1891979158443;1;0;0;0;0;0;1;16.219;111.862799475369;1;0;0
48.4;50.717;67.9144821166992;52.1278190612793;40.0635808706284;144.823205639184;1;0;0;0;0;0;1;37.356;86.7727611115314;1;0;0
46;48.08;72.1818695068359;51.4740409851074;42.966440320015;169.444462377988;1;0;0;0;0;0;1;42.588;87.8076395739035;1;0;0
40.099999;58.968164;85.12841796875;68.7669677734375;35.1277410984039;215.064988965381;1;0;0;0;0;0;1;50.344;87.3150867715878;1;0;0
45.8;141.57498;214.11149597168;124.903999328613;52.8775095939636;42.756905434602;0;0;0;0;1;0;0;55.335;74.651680389454;1;0;0
42.500001;146.2591;237.820495605469;166.423599243164;43.9421594142914;47.7441083596477;0;0;0;0;1;0;0;56.721;62.0358183413394;1;0;0
29.6;146.803;326.162506103516;224.794494628906;46.1562901735306;51.0448146917068;0;0;0;0;1;0;0;57.7;56.9348522160251;1;0;0
11;740.57799;1532.02001953125;1350.15002441406;27.8452485799789;492.599881411207;0;0;0;1;0;0;0;87.134;49.1640546741783;0;1;0
13.2;851.2169;1644.34997558594;1447.68200683594;28.121080994606;511.779744579745;0;0;0;1;0;0;0;91.49;54.5698997794335;0;1;0
10.5;953.51795;1864.00305175781;1675.56701660156;25.7239699363708;13.3862623342204;0;0;0;1;0;0;0;79.102;50.8270535669114;0;0;1
12.7;1091.6529;2122.46606445312;1875.30700683594;27.5578290224075;14.5488956208419;0;0;0;1;0;0;0;82.248;52.9011236052083;0;0;1
41.800001;41.796029;59.7274284362793;46.4139785766602;35.2070212364197;150.8816154;1;0;0;0;0;1;0;10.883;82.4499627803639;1;0;0
30.8;42.138625;86.7422180175781;57.9239387512207;43.768098950386;174.962483432159;1;0;0;0;0;1;0;14.538;78.9178854667158;1;0;0
25.2;66.968631;119.04239654541;96.2761077880859;32.8405886888504;188.442357865364;1;0;0;0;0;1;0;16.768;70.3607213177654;1;0;0
23.999999;120.12749;234.258804321289;186.576400756836;34.7661793231964;513.95;1;0;1;0;0;0;0;100;65.0614563287603;1;0;0
64.300001;84.948792;87.5891571044922;71.060432434082;30.3671389818192;189.3659221;1;0;0;0;0;1;0;33.18;84.06987307;1;0;0
44.100001;83.618094;112.163200378418;88.7040176391602;31.6247314214706;217.683822384807;1;0;0;0;0;1;0;34.387;76.1915805470413;1;0;0
36.8;85.909229;121.675796508789;99.6368637084961;29.8049211502075;232.753010844749;1;0;0;0;0;1;0;34.997;72.2139697564309;1;0;0
24.3;83.954087;147.244903564453;116.057403564453;32.5989603996277;258.700399543379;1;0;0;0;0;1;0;36.026;67.3546151257291;1;0;0
37.900001;176.03832;436.194091796875;246.186996459961;56.6390216350555;40.7630885122411;0;0;0;0;1;0;0;62.198;60.0100536688499;1;0;0
36.6;176.73437;428.638793945312;252.740600585938;53.8114726543427;44.7971078827011;0;0;0;0;1;0;0;63.682;57.5059214583814;1;0;0
29.800001;211.84929;561.469177246094;351.474487304688;51.6097605228424;49.0003631961259;0;0;0;0;1;0;0;65.14;55.9848206834033;1;0;0
23;214.38455;715.051391601562;456.225799560547;50.8066594600677;53.541378845116;0;0;0;0;1;0;0;66.696;54.7962015614243;0;1;0
21.5;239.32758;814.786499023438;531.596801757812;49.8383402824402;57.2473947450018;0;0;0;0;1;0;0;68.059;54.0664848246051;0;1;0
58.700001;201.73651;255.329498291016;167.289199829102;49.894779920578;21.58141640625;0;0;0;0;1;0;0;74.644;60.9066633799027;1;0;0
30.8;164.12747;350.059997558594;250.441101074219;45.5454885959625;22.6778703125;0;0;0;0;1;0;0;76.43;57.0124524151402;1;0;0
20.7;146.46065;404.186096191406;297.670104980469;43.6457902193069;24.1609625;0;0;0;0;1;0;0;77.539;53.0403765682094;1;0;0
20.200001;159.54296;415.634185791016;313.566101074219;41.5109008550644;25.3987984375;0;0;0;0;1;0;0;78.099;50.71130014;1;0;0
49.3;84.775234;119.548896789551;85.7957992553711;41.0374402999878;182.029788375759;1;0;1;0;0;0;0;42.235;81.9247104885121;1;0;0
40.599999;79.288824;136.283096313477;94.5612182617188;42.8883910179138;228.664382734682;1;0;1;0;0;0;0;46.645;75.7864805398851;1;0;0
26.300001;79.537394;176.017593383789;122.564498901367;41.7603403329849;309.937813998726;1;0;1;0;0;0;0;45.371;63.0303553767765;1;0;0
16.7;79.144959;193.142700195312;145.020401000977;37.8117114305496;342.466418486099;1;0;1;0;0;0;0;46.284;58.4386788364515;1;0;0
37.5;43.512968;84.6007766723633;55.950439453125;45.7713514566422;11.7348584551517;1;0;1;0;0;0;0;13.901;76.9829053282224;1;0;0
39.899999;60.094912;96.8774490356445;73.0755386352539;41.8507903814316;15.77700835;1;0;1;0;0;0;0;13.037;71.9664066510845;1;0;0
7.4;255.4;693.092712402344;584.94482421875;33.2152187824249;124.209200731357;0;0;0;1;0;0;0;60.892;40.2326142294911;1;0;0
10.9;408;909.690612792969;785.750122070312;30.2154392004013;124.031583760656;0;0;0;1;0;0;0;60.058;48.3021469137836;0;1;0
18.000001;389.6299;863.817626953125;685.565124511719;35.8446687459946;115.439458456163;0;0;0;1;0;0;0;60.567;50.6702790330745;0;1;0
17.200001;433.46456;907.35009765625;745.601501464844;33.4925591945648;112.261935951514;0;0;0;1;0;0;0;65.211;54.8269616158289;0;1;0
40.548703;204.2297;443.627807617188;266.091705322266;54.8924326896667;12.5801661213189;0;0;0;0;1;0;0;53.414;78.9904253856203;1;0;0
51.428568;222.11516;377.795989990234;212.810104370117;54.9383521080017;14.1781600805437;0;0;0;0;1;0;0;56.977;70.3907322649271;1;0;0
38.963699;211.42736;427.183685302734;271.130798339844;50.9618818759918;15.7262018625724;0;0;0;0;1;0;0;59.261;61.7006255009455;1;0;0
26.581404;206.447;526.753601074219;348.830596923828;47.6059108972549;16.8355046564309;0;0;0;0;1;0;0;60.75;57.0250176715609;1;0;0
23.514937;206.06851;539.2578125;369.6416015625;45.650640130043;17.731283664737;0;0;0;0;1;0;0;61.879;55.76362947;1;0;0
25.7;183.22668;341.770812988281;267.200408935547;35.2944314479828;628.930398671096;1;1;0;0;0;0;0;74.149;81.9752176184555;1;0;0
29.2;193.93239;330.400390625;272.935089111328;33.6900413036346;725.429900332226;1;1;0;0;0;0;0;75.628;74.3446637116101;1;0;0
4.4;117.9;326.698699951172;280.485290527344;35.4725509881973;88.0107411432297;0;0;0;1;0;0;0;53.829;45.8634302698192;1;0;0
23.800001;283.27069;558.145202636719;475.488403320312;35.7614994049072;84.633801286509;0;0;0;1;0;0;0;53.998;51.2247448076194;1;0;0
28.999999;141.73684;260.607299804688;206.062896728516;37.0928287506104;8.94901570933758;1;0;0;1;0;0;0;73.35;44.2756654298684;1;0;0
17.8;152.23219;424.625701904297;306.077392578125;41.2656098604202;8.76108889416588;1;0;0;1;0;0;0;73.463;40.8392666731611;1;0;0
12.5;203.1161;608.844970703125;449.925415039062;39.5489811897278;8.72263552192818;1;0;0;1;0;0;0;73.687;38.9538293079746;1;0;0
13.3;229.55855;611.430908203125;460.375305175781;37.7408385276794;8.79880404497318;1;0;0;1;0;0;0;74.05;43.7415513843021;1;0;0
12.6;230.12605;606.248779296875;458.728088378906;37.4730110168457;8.82206795315588;1;0;0;1;0;0;0;74.433;48.3432778774728;1;0;0
56.7;46.555;68.4077911376953;39.6201286315918;52.0394086837769;358.338873125253;1;0;0;0;0;0;1;16.912;82.2620925517893;1;0;0
44.9;42.150331;72.7017135620117;45.8701400756836;47.2224086523056;406.945196595055;1;0;0;0;0;0;1;16.934;78.9242238026257;1;0;0
38.2;42.762935;77.1704635620117;51.8455009460449;43.7100499868393;472.99627077422;1;0;0;0;0;0;1;17.056;75.7149401138363;1;0;0
46.5;105.15143;135.913497924805;109.692596435547;35.3953391313553;19.1143946776078;1;1;0;0;0;0;0;32.993;86.516933954626;1;0;0
36.1;87.4537;132.699905395508;106.46900177002;34.2431992292404;20.535683885062;1;1;0;0;0;0;0;33.689;82.6673347887659;1;0;0
55.199999;64.250666;82.6511383056641;58.1890487670898;41.2294387817383;52.1274814314652;1;0;0;0;0;0;1;40.464;91.3635599202368;1;0;0
46.700001;66.807695;94.7570114135742;70.3860092163086;40.2852296829224;67.6975484340103;1;0;0;0;0;0;1;44.188;87.5590843517396;1;0;0
22.7;33.051944;89.5736389160156;59.4844703674316;46.0968494415283;16.7887817077528;1;0;1;0;0;0;0;17.832;79.6405033870055;1;0;0
12.7;43.016489;112.327102661133;86.6264724731445;37.0549291372299;20.4121114683816;1;0;1;0;0;0;0;21.433;78.5940914078154;1;0;0
62.4;65.811;68.7081527709961;54.0910987854004;34.0302407741547;90.9287891382654;1;0;0;0;0;0;1;39.248;85.0661087346994;1;0;0
56.8;70.824;83.7216567993164;63.7575912475586;35.6901794672012;103.746619562206;1;0;0;0;0;0;1;42.055;78.6550094089744;1;0;0
38.8;143.332;296.335998535156;187.121597290039;51.474541425705;284.166795366795;0;0;0;0;1;0;0;58.912;72.7635633928574;1;0;0
36.500001;149.64095;272.581909179688;194.339996337891;43.5141295194626;298.449565637066;0;0;0;0;1;0;0;65.452;63.1693866511867;1;0;0
22.8;164.51002;361.091613769531;275.643310546875;38.7787610292435;311.464768339768;0;0;0;0;1;0;0;72.746;54.62648911;1;0;0
7.6;148.761;360.573913574219;311.921905517578;29.0166109800339;83.3688085982163;1;0;0;1;0;0;0;54.993;47.2220590108909;1;0;0
7.1;172.721;437.738494873047;368.053100585938;30.351060628891;79.8376857992225;1;0;0;1;0;0;0;56.092;51.596620265295;1;0;0
50.599998;67.082819;93.4355010986328;66.1354064941406;46.3406592607498;15.555433293995;1;0;0;0;0;0;1;17.701;89.011021953767;1;0;0
66.2;89.206664;84.5293426513672;70.7489471435547;30.8212697505951;187.886458333333;1;0;0;0;0;0;1;64.952;86.5996979164511;1;0;0
66.7;98.753703;135.063095092773;75.1251907348633;56.3198387622833;215.717708333333;1;0;0;0;0;0;1;71.968;84.3741096866097;1;0;0
63.999999;236.76951;273.99169921875;170.452194213867;57.8513979911804;2.98320512820513;0;0;0;0;1;0;0;66.371;62.7413336690411;1;0;0
13;358.63466;712.164001464844;648.872924804688;27.3157209157944;112.108876920838;0;0;0;1;0;0;0;54.685;38.4800713432965;0;1;0
11.9;396.12727;763.588623046875;718.515502929688;24.9701499938965;113.285586522463;0;0;0;1;0;0;0;53.726;45.0860457422501;0;1;0
13.600001;583.91207;1061.42297363281;964.283813476562;24.933260679245;101.685826607499;0;0;0;1;0;0;0;52.658;44.257538969416;0;1;0
12;638.84018;1156.5810546875;1042.44799804688;24.6333599090576;102.992292564709;0;0;0;1;0;0;0;54.541;52.9722688554965;0;1;0
15.4;794.71722;1475.20202636719;1307.88598632812;27.7381598949432;22.8545255154262;0;0;0;1;0;0;0;85.056;53.2015057914553;0;1;0
17.1;905.89229;1701.45300292969;1482.28198242188;29.9741894006729;24.9814981218237;0;0;0;1;0;0;0;87.431;60.4552069734022;0;1;0
69;93.273298;109.14289855957;59.2215881347656;53.1135201454163;58.45552326;1;0;0;0;0;0;1;22.686;84.6396676822046;1;0;0
63;93.809898;115.432601928711;67.5727233886719;51.4526009559631;61.4806395348837;1;0;0;0;0;0;1;22.262;78.4778528655239;1;0;0
58.899999;117.21609;174.324905395508;91.4204406738281;54.5797884464264;64.766511627907;1;0;0;0;0;0;1;23.459;74.3195727387813;1;0;0
39.300001;374.28556;670.346130371094;442.90380859375;46.822789311409;195.541304347826;0;0;0;0;0;0;1;54.537;83.5152850978684;1;0;0
25.299999;351.24155;618.421081542969;541.892395019531;32.1253210306168;210.3521739;0;0;0;0;0;0;1;56.691;45.4127406338758;1;0;0
11.4;102;259.672393798828;194.128799438477;37.5146001577377;94.85927338;1;1;0;0;0;0;0;53.049;76.16026128;1;0;0
55.000001;52.924693;64.8940582275391;47.7350196838379;39.8245692253113;7.44434243964422;1;0;0;0;0;0;1;21.735;108.19718809121;1;0;0
46.700001;67.978514;98.5481719970703;73.3596878051758;43.3212101459503;9.816541454892;1;0;0;0;0;0;1;22.054;104.936552679563;1;0;0
61.699998;65.459297;74.7790832519531;51.6702919006348;42.2125786542892;105.954771097628;1;0;0;0;0;0;1;35.649;83.7459120226787;1;0;0
58.700001;63.496882;78.3923187255859;52.3662910461426;46.0205793380737;121.271244714102;1;0;0;0;0;0;1;38.032;83.4821519226431;1;0;0
55.1;64.581316;80.3568801879883;56.986198425293;43.0561393499374;134.641625298768;1;0;0;0;0;0;1;40.1;81.6156725264543;1;0;0
42.300001;150.5853;253.128601074219;171.529296875;42.8336709737778;123.22151930944;1;0;1;0;0;0;0;31.386;43.910581581005;1;0;0
21.9;148.80109;362.002410888672;257.314300537109;41.819030046463;128.81938577776;1;0;1;0;0;0;0;38.673;40.4461401377809;1;0;0
16.4;154.59778;406.813690185547;297.789489746094;39.4027709960938;131.525432089099;1;0;1;0;0;0;0;43.856;39.0446622774275;1;0;0
9.8999999;165.01693;472.537994384766;363.022491455078;36.4121705293655;135.8972068;1;0;1;0;0;0;0;49.949;40.82103472;1;0;0
72.399998;112.64747;97.8827667236328;80.2922897338867;32.7226907014847;46.7386896256073;1;0;0;1;0;0;0;26.507;77.5904288907675;1;0;0
46.700001;141.35583;173.398300170898;146.724197387695;30.7749509811401;52.6204129751357;1;0;0;1;0;0;0;26.518;65.0218008616376;1;0;0
31.299999;124.98413;203.096694946289;166.217407226562;33.995720744133;60.9123712083003;1;0;0;1;0;0;0;26.742;63.356956956338;1;0;0
57.999998;67.874008;80.4121627807617;57.8493995666504;40.8069312572479;9.39177962675292;1;0;0;1;0;0;0;45.465;72.3161730830198;1;0;0
36.300001;56.3061;88.7970733642578;69.1860809326172;35.9352886676788;60.6061869535978;1;0;1;0;0;0;0;24.619;93.4579098197898;1;0;0
50.400001;67.495293;78.0665588378906;66.813117980957;27.8233200311661;69.6968392737055;1;0;1;0;0;0;0;26.709;92.1379310344828;1;0;0
41.800001;73.878565;95.6564178466797;80.8874664306641;28.6529302597046;78.9731674512441;1;0;1;0;0;0;0;29.133;80.0185179791489;1;0;0
16.2;122.59722;316.489501953125;251.034393310547;37.6901805400848;136.7875;1;0;1;0;0;0;0;23.041;77.8096734008558;1;0;0
22.499999;139.26294;295.566711425781;229.644104003906;37.4964892864227;144.291666666667;1;0;1;0;0;0;0;23.335;76.6626422024589;1;0;0
22.1;141.59895;306.43701171875;231.848693847656;37.5874400138855;139.973611111111;1;0;1;0;0;0;0;23.275;73.6166620727674;1;0;0
18.5;151.76009;440.738006591797;326.655609130859;42.6013112068176;234.727680311891;0;0;0;0;1;0;0;53.757;66.1189392915183;1;0;0
20.999999;127.41821;309.264312744141;239.044692993164;40.2729600667953;241.068810916179;0;0;0;0;1;0;0;54.491;62.3930288351058;1;0;0
11;50.799291;172.371307373047;122.120101928711;43.4337705373764;47.1781282183316;1;1;0;0;0;0;0;53.839;77.6202128943423;1;0;0
7.9999998;49.914667;188.904907226562;138.439697265625;41.6572988033295;58.737113800206;1;1;0;0;0;0;0;61.474;64.8955637709618;1;0;0
20.5;131.99344;287.56201171875;230.996398925781;35.8082592487335;68.4554840370752;1;1;0;0;0;0;0;66.657;44.5490885461441;1;0;0
15.2;153.80775;339.743286132812;280.550109863281;32.8158795833588;71.9615666838311;1;1;0;0;0;0;0;68.056;45.8895814398376;1;0;0
16.1;166.0803;448.932800292969;347.146301269531;38.7850791215897;93.9763106947494;1;0;0;1;0;0;0;70.825;51.7763132340292;1;0;0
14.399999;199.40798;605.630676269531;437.630493164062;41.8775200843811;106.960128893104;1;0;0;1;0;0;0;75.143;49.549755981647;1;0;0
15;198;596.416381835938;434.757507324219;41.9091105461121;108.40222834349;1;0;0;1;0;0;0;75.63;49.29184911;1;0;0
26.300001;115.6252;233.575500488281;174.958206176758;39.1390293836594;351;1;0;1;0;0;0;0;54.796;76.2869982365991;1;0;0
5.7999998;538.17172;1418.96594238281;1178.22497558594;31.111478805542;616;0;0;1;0;0;0;0;69.5;42.322299428626;0;1;0
7.9999998;460.35053;1249.27294921875;1028.62194824219;33.2133293151855;639.988514198569;0;0;1;0;0;0;0;74.4;35.848874120751;0;1;0
7.1500003;532.58391;1362.98901367188;1133.84899902344;31.482720375061;650.32;0;0;1;0;0;0;0;77.1;36.1325897837302;0;1;0
38.999999;34.53548;50.564380645752;40.3403091430664;35.2922201156616;29.41588846;1;0;0;0;0;0;1;19.208;93.6308524140883;1;0;0
35.600001;21.889634;35.7285499572754;27.0435009002686;37.3011291027069;37.8179950327388;1;0;0;0;0;0;1;22.309;89.9582438877454;1;0;0
28.200001;41.767311;78.1648025512695;58.1045608520508;37.7831488847733;51.5616821;1;0;0;0;0;0;1;28.798;90.054892596665;1;0;0
26.4;39.900461;82.6919784545898;58.4975509643555;40.4912292957306;61.71134116;1;0;0;0;0;0;1;33.053;88.3243069757629;1;0;0
56.400001;50.720832;62.6436614990234;45.5085716247559;41.4292693138123;92.8966217907012;1;0;0;0;0;0;1;11.79;104.499170949635;1;0;0
24.5;39.228854;92.8171920776367;62.4733695983887;44.1955596208572;157.204824583354;1;0;0;0;0;0;1;18.878;104.695142605824;1;0;0
19.7;40.993482;101.298698425293;72.4322280883789;41.0099685192108;172.347735886695;1;0;0;0;0;0;1;20.424;102.47567626219;1;0;0
21.4;39.513971;97.4316024780273;67.1962127685547;42.7536904811859;197.723449;1;0;0;0;0;0;1;22.624;98.3152398267261;1;0;0
83.3;294.26914;209.42529296875;180.504592895508;29.0457010269165;83.2023854731246;1;0;0;1;0;0;0;67.283;44.3410415984238;1;0;0
49.700001;286.65227;337.172088623047;286.921905517578;29.7943890094757;80.7577085059376;1;0;0;1;0;0;0;67.969;43.6222061795404;1;0;0
8.6000003;183.26037;362.663909912109;324.311798095703;24.8189806938171;79.180316578057;1;0;0;1;0;0;0;68.596;42.518022552903;1;0;0
6.4000003;168.85653;359.548400878906;317.167297363281;25.4575401544571;77.94720434;1;0;0;1;0;0;0;69.061;44.78767975;1;0;0
1.1;148.61812;458.494110107422;403.384490966797;26.6194701194763;76.6071850189852;1;0;0;1;0;0;0;69.473;48.46643754;1;0;0
32.499999;245.75068;532.048706054688;357.439910888672;45.9415912628174;19.0001199862873;0;0;0;0;1;0;0;93.553;59.0123297398489;1;0;0
18.5;230.91746;686.2919921875;475.607513427734;44.4750189781189;19.193663581305;0;0;0;0;1;0;0;94.414;56.7494258279882;1;0;0
9.7000003;222.91452;810.203125;619.861328125;40.101420879364;19.4288309907439;0;0;0;0;1;0;0;94.945;55.4476754631177;0;1;0
8.8;222.68282;810.065490722656;619.236022949219;39.6765500307083;19.779059536053;0;0;0;0;1;0;0;95.426;54.79711166;0;1;0
13.600001;546.89123;1589.05505371094;1300.50805664062;37.3515099287033;26.2183697712404;0;0;0;0;0;0;0;74.644;51.1418728748516;0;1;0
13.3;593.6171;1792.70703125;1385.24096679688;40.5257195234299;29.7694279699879;0;0;0;0;0;0;0;78.008;52.792626709104;0;1;0
12.5;623.45872;1991.48400878906;1542.83203125;40.7985687255859;32.8786113609374;0;0;0;0;0;0;0;80.269;49.6149866977895;0;0;1
15.099999;660.07848;1914.23706054688;1495.26599121094;40.0107085704803;33.8151813298176;0;0;0;0;0;0;0;80.772;49.670515189153;0;0;1
13.500001;634.78127;2017.81298828125;1519.03405761719;41.2387788295746;35.05197783;0;0;0;0;0;0;0;81.671;51.2095505815438;0;0;1
11.8;659.89712;2249.34790039062;1707.3310546875;41.4078414440155;35.71362209;0;0;0;0;0;0;0;82.256;52.7106770901698;0;0;1
26.499999;38.417199;65.9277420043945;52.7594108581543;33.0436795949936;59.407263751763;1;0;0;1;0;0;0;47.088;67.1469104588677;1;0;0
27.200001;34.901074;62.6664505004883;49.3336296081543;35.2688014507294;60.1026093088858;1;0;0;1;0;0;0;47.571;64.7005675251617;1;0;0
49.000001;194.53214;288.385101318359;196.880706787109;48.0637788772583;239.994193369996;0;0;0;0;1;0;0;86.959;64.3657501070137;1;0;0
31.099999;121.95904;274.06298828125;186.48860168457;47.2314208745956;259.547073194252;0;0;0;0;1;0;0;87.85;61.5946674125344;1;0;0
54.000002;146.61824;191.196197509766;132.214904785156;48.1023192405701;265.429277259974;0;0;0;0;1;0;0;87.902;59.6572467379974;1;0;0
33.1;168.37312;328.738891601562;236.989700317383;44.7705000638962;272.898184280969;0;0;0;0;1;0;0;87.98;57.1781728453341;1;0;0
58.099997;64.071699;73.8199768066406;56.1905784606934;35.6543987989426;217.7746812;1;0;1;0;0;0;0;21.006;73.8639640651038;1;0;0
28.9;50.402995;93.5143432617188;68.8321304321289;37.0296210050583;262.548404443729;1;0;1;0;0;0;0;25.511;56.6473503686557;1;0;0
20.7;102.77325;234.525894165039;174.904998779297;39.2527192831039;283.702554261941;1;0;1;0;0;0;0;30.417;43.0966429642933;1;0;0
6.7000002;99.211544;328.000793457031;266.144500732422;35.7155501842499;308.125245912213;1;0;1;0;0;0;0;35.919;43.7766048259771;1;0;0
12.7;55.263017;148.48030090332;114.98860168457;37.6262307167053;19.3774405250205;1;0;1;0;0;0;0;24.462;72.7698946752487;1;0;0
22.9;124.42454;282.7666015625;202.203201293945;40.7355189323425;62.334628975265;1;0;1;0;0;0;0;21.941;80.8301043524612;1;0;0
26.899999;140.17419;300.757904052734;211.67529296875;42.0465499162674;64.7572438162544;1;0;1;0;0;0;0;20.524;77.2455147734417;1;0;0
18.8;122.366;284.839111328125;211.494201660156;38.7318104505539;67.3911660777385;1;0;1;0;0;0;0;19.385;75.2446498635474;1;0;0
23.7;146.917;242.345596313477;209.811599731445;28.9722710847855;165.987508037108;1;0;0;1;0;0;0;64.804;47.3117896715755;1;0;0
21.5;147.044;244.557800292969;217.597702026367;27.270171046257;166.507853403141;1;0;0;1;0;0;0;65.471;47.3647538943911;1;0;0
18;150.22364;266.123596191406;226.337493896484;29.0129393339157;164.508404519151;1;0;0;1;0;0;0;66.477;48.8051318957458;1;0;0
40.130001;121.78663;174.853393554688;140.359298706055;34.9977910518646;31.1576604731329;1;1;0;0;0;0;0;25.244;111.266467878727;1;0;0
34.799999;92.463893;145.296295166016;115.167602539062;34.7323298454285;38.0843779002595;1;1;0;0;0;0;0;28.936;95.0191547841764;1;0;0
48.6;94.481078;125.286499023438;95.8994827270508;36.7070913314819;48.9108945584029;1;1;0;0;0;0;0;34.165;78.0700719431505;1;0;0
66.600001;172.92012;271.594207763672;100.899597167969;64.7624909877777;39.4699494678878;1;0;0;0;0;0;1;59.536;55.0221729432591;1;0;0
53.200001;157.51789;361.113098144531;141.547805786133;63.3831918239594;42.2202507645764;1;0;0;0;0;0;1;62.218;52.4919380218402;1;0;0
55.500001;164.69691;340.147613525391;135.381195068359;63.0260705947876;44.96450469;1;0;0;0;0;0;1;64.312;52.2185594991572;1;0;0
77.999997;131.67286;104.721099853516;67.4348678588867;48.3336806297302;12.5637054574315;1;0;0;0;0;0;1;36.638;97.0737093624082;1;0;0
62.800002;59.347162;77.538948059082;42.4031791687012;54.6175122261047;16.37567629;1;0;0;0;0;0;1;37.395;97.5223856282855;1;0;0
60.500002;51.223773;75.44140625;39.1529083251953;55.6214928627014;18.3026190828502;1;0;0;0;0;0;1;39.355;97.5176562642901;1;0;0
54.400003;51.785179;87.1632995605469;45.4579696655273;57.136058807373;21.3607406610258;1;0;0;0;0;0;1;41.907;93.2039950061814;1;0;0
72.299999;160.76719;147.529998779297;102.648300170898;43.1535810232162;33.3315652061523;1;0;0;0;0;0;1;33.015;81.2300119889415;1;0;0
